<?xml version="1.0" encoding="UTF-8"?>
<project xmlns="http://maven.apache.org/POM/4.0.0" xmlns:xsi="http://www.w3.org/2001/XMLSchema-instance" xsi:schemaLocation="http://maven.apache.org/POM/4.0.0 http://maven.apache.org/maven-v4_0_0.xsd">
  <parent>
    <artifactId>tutorial</artifactId>
    <groupId>com.zsassociates.sd</groupId>
    <version>1.0.0</version>
  </parent>
  <modelVersion>4.0.0</modelVersion>
  <artifactId>web</artifactId>
  <build>
    <extensions>
      <extension>
        <groupId>${awsMavenExtension.groupId}</groupId>
        <artifactId>${awsMavenExtension.artifactId}</artifactId>
        <version>${awsMavenExtension.version}</version>
      </extension>
    </extensions>
    <plugins>
      <plugin>
        <artifactId>maven-shade-plugin</artifactId>
        <version>2.4.3</version>
        <executions>
          <execution>
            <phase>package</phase>
            <goals>
              <goal>shade</goal>
            </goals>
            <configuration>
              <transformers>
                <transformer />
              </transformers>
            </configuration>
          </execution>
        </executions>
        <dependencies>
          <dependency>
            <groupId>com.github.edwgiz</groupId>
            <artifactId>maven-shade-plugin.log4j2-cachefile-transformer</artifactId>
            <version>2.8.1</version>
          </dependency>
        </dependencies>
        <configuration>
          <minimizeJar>false</minimizeJar>
        </configuration>
      </plugin>
      <plugin>
        <groupId>com.zsassociates.aws</groupId>
        <artifactId>s3-upload-maven-plugin</artifactId>
        <version>${zsaws.version}</version>
        <executions>
          <execution>
            <goals>
              <goal>deploy</goal>
            </goals>
          </execution>
        </executions>
        <configuration>
          <sqlBucketName>${deployment.bucket}</sqlBucketName>
          <sqlSourceFolder>../data-access/src/main/resources/sql</sqlSourceFolder>
        </configuration>
      </plugin>
      <plugin>
        <groupId>com.zsassociates.appmanagement</groupId>
        <artifactId>app-maven-plugin</artifactId>
        <version>${appmanagement.version}</version>
        <executions>
          <execution>
            <phase>deploy</phase>
            <goals>
              <goal>publishApp</goal>
            </goals>
          </execution>
        </executions>
        <configuration>
          <appCode>sd-tutorial</appCode>
          <artifactBucket>${deployment.bucket}</artifactBucket>
          <configBucket>${config.bucket}</configBucket>
          <jarBuildResources>
            <JarBuildResource>
              <handler>com.zsassociates.aws.runtime.proxy.StreamLambdaHandler</handler>
              <packageNameContainingJAXRSResources>com.zsassociates.controllers</packageNameContainingJAXRSResources>
              <additionalApplicationComponents />
              <guiceModuleClassCanonicalName>com.zsassociates.utils.InjectorModule</guiceModuleClassCanonicalName>
            </JarBuildResource>
          </jarBuildResources>
          <dbResources>
            <DbLiquiBaseChangeLog>
              <logicalDbName>default</logicalDbName>
              <changeLogFile>datafabricChangeLog.xml</changeLogFile>
            </DbLiquiBaseChangeLog>
          </dbResources>
        </configuration>
      </plugin>
    </plugins>
  </build>
  <dependencies>
    <dependency>
      <groupId>org.mockito</groupId>
      <artifactId>mockito-core</artifactId>
      <version>3.2.4</version>
      <scope>test</scope>
      <exclusions>
        <exclusion>
          <artifactId>byte-buddy</artifactId>
          <groupId>net.bytebuddy</groupId>
        </exclusion>
        <exclusion>
          <artifactId>byte-buddy-agent</artifactId>
          <groupId>net.bytebuddy</groupId>
        </exclusion>
        <exclusion>
          <artifactId>objenesis</artifactId>
          <groupId>org.objenesis</groupId>
        </exclusion>
      </exclusions>
    </dependency>
    <dependency>
      <groupId>org.mockito</groupId>
      <artifactId>mockito-junit-jupiter</artifactId>
      <version>3.2.4</version>
      <scope>test</scope>
      <exclusions>
        <exclusion>
          <artifactId>junit-jupiter-api</artifactId>
          <groupId>org.junit.jupiter</groupId>
        </exclusion>
      </exclusions>
    </dependency>
  </dependencies>
</project>

